{
  "invested_capital": 5000.0,
  "realized_pnl": -99.4232926382347,
  "unrealized_pnl": 103.89352555176968,
  "total_pnl": 4.470232913534986,
  "total_return_pct": 0.08940465827069971,
  "num_trades": 10,
  "num_open": 15,
  "win_rate": 0.0,
  "avg_pnl": -9.94232926382347,
  "max_drawdown_pct": -1.988465852764694
}