{
  "invested_capital": 5400.0,
  "realized_pnl": -110.80428380069154,
  "unrealized_pnl": 144.3294366255072,
  "total_pnl": 33.52515282481568,
  "total_return_pct": 0.6208361634225126,
  "num_trades": 12,
  "num_open": 15,
  "win_rate": 0.0,
  "avg_pnl": -9.233690316724294,
  "max_drawdown_pct": -2.0519311814942878
}