{
  "invested_capital": 2800.0,
  "realized_pnl": -42.20454673652778,
  "unrealized_pnl": 54.469882059023554,
  "total_pnl": 12.265335322495773,
  "total_return_pct": 0.4380476900891347,
  "num_trades": 6,
  "num_open": 8,
  "win_rate": 0.0,
  "avg_pnl": -7.0340911227546306,
  "max_drawdown_pct": -1.5073052405902778
}