{
  "invested_capital": 5600.0,
  "realized_pnl": -135.84034528102154,
  "unrealized_pnl": 180.16548793991407,
  "total_pnl": 44.32514265889253,
  "total_return_pct": 0.7915204046230809,
  "num_trades": 14,
  "num_open": 14,
  "win_rate": 0.0,
  "avg_pnl": -9.702881805787253,
  "max_drawdown_pct": -2.4257204514468134
}