{
  "invested_capital": 7200.0,
  "realized_pnl": -89.91626058214216,
  "unrealized_pnl": 185.19616431236938,
  "total_pnl": 95.27990373022722,
  "total_return_pct": 1.3233319962531558,
  "num_trades": 16,
  "num_open": 20,
  "win_rate": 6.25,
  "avg_pnl": -5.619766286383885,
  "max_drawdown_pct": -1.8866714622364105
}