{
  "invested_capital": 7800.0,
  "realized_pnl": -114.49147778583564,
  "unrealized_pnl": 231.73635047731813,
  "total_pnl": 117.24487269148248,
  "total_return_pct": 1.5031393934805448,
  "num_trades": 18,
  "num_open": 21,
  "win_rate": 5.555555555555555,
  "avg_pnl": -6.360637654768647,
  "max_drawdown_pct": -1.7415428882182247
}