{
  "invested_capital": 5600.0,
  "realized_pnl": -135.84034528102154,
  "unrealized_pnl": 182.34088664475345,
  "total_pnl": 46.50054136373191,
  "total_return_pct": 0.8303668100666413,
  "num_trades": 14,
  "num_open": 14,
  "win_rate": 0.0,
  "avg_pnl": -9.702881805787253,
  "max_drawdown_pct": -2.4257204514468134
}