{
  "invested_capital": 2400.0,
  "realized_pnl": -36.58656365406675,
  "unrealized_pnl": 16.58491319520877,
  "total_pnl": -20.00165045885798,
  "total_return_pct": -0.833402102452416,
  "num_trades": 5,
  "num_open": 7,
  "win_rate": 0.0,
  "avg_pnl": -7.3173127308133505,
  "max_drawdown_pct": -1.5244401522527813
}