{
  "invested_capital": 3600.0,
  "realized_pnl": -68.24980658983483,
  "unrealized_pnl": 64.29094701286374,
  "total_pnl": -3.9588595769710935,
  "total_return_pct": -0.10996832158253038,
  "num_trades": 8,
  "num_open": 10,
  "win_rate": 0.0,
  "avg_pnl": -8.531225823729354,
  "max_drawdown_pct": -1.8958279608287454
}