{
  "invested_capital": 3600.0,
  "realized_pnl": -68.24980658983483,
  "unrealized_pnl": 46.240307421824326,
  "total_pnl": -22.009499168010507,
  "total_return_pct": -0.6113749768891807,
  "num_trades": 8,
  "num_open": 10,
  "win_rate": 0.0,
  "avg_pnl": -8.531225823729354,
  "max_drawdown_pct": -1.8958279608287454
}